#;Name;Type 1;Type 2;Total;HP;Attack;Defense;Sp. Atk;Sp. Def;Speed;Generation;Legendary;CP;Cppredict;difference
1;Bulbasaur;Grass;Poison;318;45;49;49;65;65;45;1;False;396.5934947;355.25;41.34
2;Ivysaur;Grass;Poison;405;60;62;63;80;80;60;1;False;588.9367538;597.31;8.37
3;Venusaur;Grass;Poison;525;80;82;83;100;100;80;1;False;935.9369103;950.75;14.81
3;VenusaurMega Venusaur;Grass;Poison;625;80;100;123;122;120;80;1;False;1316.737445;1292.07;24.67
4;Charmander;Fire;;309;39;52;43;60;50;65;1;False;374.9606379;333.35;41.61
5;Charmeleon;Fire;;405;58;64;58;80;65;80;1;False;576.7;586.38;9.68
6;Charizard;Fire;Flying;534;78;84;78;109;85;100;1;False;920.7;939.81;19.11
6;CharizardMega Charizard X;Fire;Dragon;634;78;130;111;130;85;100;1;False;1569.620814;1512.58;57.04
6;CharizardMega Charizard Y;Fire;Flying;634;78;104;78;159;115;100;1;False;1106.7;1126.77;20.07
7;Squirtle;Water;;314;44;48;65;50;64;43;1;False;432.8242137;411.13;21.69
8;Wartortle;Water;;405;59;63;80;65;80;58;1;False;653.9917431;676.21;22.22
9;Blastoise;Water;;530;79;83;100;85;105;78;1;False;1018.917268;1029.65;10.73
9;BlastoiseMega Blastoise;Water;;630;79;103;120;135;115;78;1;False;1329.268822;1303.13;26.14
10;Caterpie;Bug;;195;45;30;35;20;20;45;1;False;246.4751509;117.08;129.40
11;Metapod;Bug;;205;50;20;55;25;25;30;1;False;236.0879074;130.12;105.97
12;Butterfree;Bug;Flying;395;60;45;50;90;80;70;1;False;418.9272013;382.15;36.77
13;Weedle;Bug;Poison;195;40;35;30;20;20;50;1;False;248.7468593;122.19;126.55
14;Kakuna;Bug;Poison;205;45;25;50;25;25;35;1;False;249.7999199;135.24;114.56
15;Beedrill;Bug;Poison;395;65;90;40;45;80;75;1;False;696.491206;779.52;83.03
15;BeedrillMega Beedrill;Bug;Poison;495;65;150;40;15;80;145;1;False;1094.486181;1340.38;245.89
16;Pidgey;Normal;Flying;251;40;45;40;35;35;56;1;False;330;258.93;71.07
17;Pidgeotto;Normal;Flying;349;63;60;55;50;50;71;1;False;554.1885961;555.99;1.81
18;Pidgeot;Normal;Flying;479;83;80;75;70;70;101;1;False;892.191123;909.43;17.24
18;PidgeotMega Pidgeot;Normal;Flying;579;83;80;80;135;80;121;1;False;916.639242;931.06;14.43
19;Rattata;Normal;;253;30;56;35;25;35;72;1;False;336.7825708;300.15;36.63
20;Raticate;Normal;;413;55;81;60;50;70;97;1;False;695.5860838;741.95;46.36
21;Spearow;Normal;Flying;262;40;60;30;31;31;70;1;False;373.1202889;355.88;17.24
22;Fearow;Normal;Flying;442;65;90;65;61;61;100;1;False;840;887.68;47.68
23;Ekans;Poison;;288;35;60;44;40;54;55;1;False;407.3542684;396.47;10.89
24;Arbok;Poison;;438;60;85;69;65;79;80;1;False;793.7253933;838.26;44.54
25;Pikachu;Electric;;320;35;55;40;50;50;90;1;False;367.0830969;332.42;34.66
26;Raichu;Electric;;485;60;90;55;90;80;110;1;False;760.7972792;824.43;63.63
27;Sandshrew;Ground;;300;50;75;85;20;30;40;1;False;725.6031973;774.04;48.43
28;Sandslash;Ground;;450;75;100;110;45;55;65;1;False;1219.759198;1215.83;3.93
29;Nidoran♀;Poison;;275;55;47;52;40;40;41;1;False;424.598163;389.51;35.08
30;Nidorina;Poison;;365;70;62;67;55;55;56;1;False;642.8462491;654.59;11.75
31;Nidoqueen;Poison;Ground;505;90;92;87;75;85;76;1;False;1107.33369;1101.51;5.83
32;Nidoran♂;Poison;;273;46;57;40;40;40;50;1;False;417.0410052;395.09;21.95
33;Nidorino;Poison;;365;61;72;57;55;55;65;1;False;643.5648219;668.82;25.26
34;Nidoking;Poison;Ground;505;81;102;77;85;75;85;1;False;1099.551036;1115.74;16.19
35;Clefairy;Fairy;;323;70;45;48;60;65;35;1;False;439.067193;413.48;25.59
36;Clefable;Fairy;;483;95;70;73;95;90;60;1;False;836.2894236;855.27;18.98
37;Vulpix;Fire;;299;38;41;40;50;65;65;1;False;302.3481437;213.55;88.80
38;Ninetales;Fire;;505;73;76;75;81;100;100;1;False;809.8488748;832.06;22.22
39;Jigglypuff;Normal;Fairy;270;115;45;20;45;25;20;1;False;404.7221269;472.23;67.50
40;Wigglytuff;Normal;Fairy;435;140;70;45;85;50;45;1;False;819.7103147;914.02;94.31
41;Zubat;Poison;Flying;245;40;45;35;30;40;55;1;False;314.6426545;237.30;77.34
42;Golbat;Poison;Flying;455;75;80;70;65;75;90;1;False;830.910645;855.82;24.91
43;Oddish;Grass;Poison;320;45;50;55;75;65;30;1;False;421.2481454;390.56;30.69
44;Gloom;Grass;Poison;395;60;65;70;85;75;40;1;False;638.7487769;655.64;16.89
45;Vileplume;Grass;Poison;490;75;80;85;110;90;50;1;False;901.2491331;920.72;19.47
46;Paras;Bug;Grass;285;35;70;55;45;55;25;1;False;502.8667816;537.54;34.67
47;Parasect;Bug;Grass;405;60;95;80;60;80;30;1;False;928.5068659;979.33;50.83
48;Venonat;Bug;Poison;305;60;55;50;40;55;45;1;False;488.7484015;475.63;13.12
49;Venomoth;Bug;Poison;450;70;65;60;90;75;90;1;False;638.7487769;652.35;13.60
50;Diglett;Ground;;265;10;55;25;35;45;95;1;False;221.3594362;167.58;53.78
51;Dugtrio;Ground;;405;35;80;50;50;70;120;1;False;541.5833269;609.38;67.80
52;Meowth;Normal;;290;40;45;35;40;40;90;1;False;314.6426545;237.30;77.34
53;Persian;Normal;;440;65;70;60;65;65;115;1;False;658.4071689;679.10;20.69
54;Psyduck;Water;;320;50;52;48;65;50;55;1;False;428.7476531;398.96;29.79
55;Golduck;Water;;500;80;82;78;95;80;85;1;False;911.7484028;929.11;17.37
56;Mankey;Fighting;;305;40;80;35;35;45;70;1;False;498.1842029;564.47;66.29
57;Primeape;Fighting;;455;65;105;60;60;70;95;1;False;929.5160031;1006.27;76.75
58;Growlithe;Fire;;350;55;70;45;70;50;60;1;False;550.8629594;574.22;23.36
59;Arcanine;Fire;;555;90;110;80;100;80;95;1;False;1248.436522;1239.48;8.96
60;Poliwag;Water;;300;40;50;40;40;40;90;1;False;357.5;305.67;51.83
61;Poliwhirl;Water;;385;65;65;65;50;50;90;1;False;640;653.99;13.99
62;Poliwrath;Water;Fighting;510;90;95;95;70;90;70;1;False;1182.180189;1164.16;18.02
63;Abra;Psychic;;310;25;20;15;105;55;90;1;False;121.2435565;-142.89;264.13
64;Kadabra;Psychic;;400;40;35;30;120;70;105;1;False;248.7468593;122.19;126.55
65;Alakazam;Psychic;;500;55;50;45;135;95;120;1;False;421.2481454;387.27;33.98
65;AlakazamMega Alakazam;Psychic;;590;55;50;65;175;95;150;1;False;486.4154603;473.80;12.61
66;Machop;Fighting;;305;70;80;50;35;35;35;1;False;706.1382655;749.30;43.16
67;Machoke;Fighting;;405;80;100;70;50;60;45;1;False;1033.401543;1062.76;29.36
68;Machamp;Fighting;;505;90;130;80;65;85;55;1;False;1448.186366;1426.43;21.76
69;Bellsprout;Grass;Poison;300;50;75;35;70;30;40;1;False;513.0789413;557.71;44.63
70;Weepinbell;Grass;Poison;390;65;90;50;85;45;55;1;False;757.1657678;822.79;65.62
71;Victreebel;Grass;Poison;490;80;105;65;100;70;70;1;False;1046.135746;1087.86;41.73
72;Tentacool;Water;Poison;335;40;40;35;50;100;70;1;False;288.4224332;190.56;97.86
73;Tentacruel;Water;Poison;515;80;70;65;80;120;100;1;False;741.0128204;760.70;19.68
74;Geodude;Rock;Ground;300;40;80;100;30;30;20;1;False;755.5337517;845.70;90.16
75;Graveler;Rock;Ground;390;55;95;115;45;45;35;1;False;1049.333122;1110.78;61.44
76;Golem;Rock;Ground;495;80;120;130;55;65;45;1;False;1584.45377;1509.31;75.15
77;Ponyta;Fire;;410;50;85;55;65;65;90;1;False;674.5368782;737.72;63.18
78;Rapidash;Fire;;500;65;100;70;80;80;105;1;False;948.3142939;1002.79;54.48
79;Slowpoke;Water;Psychic;315;90;65;65;40;40;15;1;False;733.2121112;753.93;20.72
80;Slowbro;Water;Psychic;490;95;75;110;100;80;30;1;False;1055.343546;1062.10;6.75
80;SlowbroMega Slowbro;Water;Psychic;590;95;75;180;130;80;30;1;False;1318.123666;1364.96;46.83
81;Magnemite;Electric;Steel;325;25;35;70;95;55;45;1;False;291.5475947;235.29;56.26
82;Magneton;Electric;Steel;465;50;60;95;120;70;70;1;False;634.1825447;677.09;42.91
83;Farfetch'd;Normal;Flying;352;52;65;55;58;62;60;1;False;547.8685974;558.76;10.89
84;Doduo;Normal;Flying;310;35;85;45;35;35;75;1;False;547.7225575;634.49;86.76
85;Dodrio;Normal;Flying;460;60;110;70;60;60;100;1;False;998.0449639;1076.28;78.24
86;Seel;Water;;325;65;45;55;45;70;45;1;False;448.9988864;423.77;25.22
87;Dewgong;Water;Ice;475;90;70;80;70;95;70;1;False;848.9368351;865.57;16.63
88;Grimer;Poison;;325;80;80;50;40;50;25;1;False;746.5210982;789.27;42.75
89;Muk;Poison;;500;105;105;75;65;100;50;1;False;1247.076581;1231.07;16.01
90;Shellder;Water;;305;30;65;100;45;25;40;1;False;575.4997828;665.51;90.01
91;Cloyster;Water;Ice;525;50;95;180;85;45;70;1;False;1238.416327;1372.02;133.60
92;Gastly;Ghost;Poison;310;30;35;30;100;35;80;1;False;225;82.22;142.78
93;Haunter;Ghost;Poison;405;45;50;45;115;55;95;1;False;390;347.29;42.71
94;Gengar;Ghost;Poison;500;60;65;60;130;75;110;1;False;600;612.37;12.37
94;GengarMega Gengar;Ghost;Poison;600;60;65;80;170;95;130;1;False;675.2777206;698.90;23.63
95;Onix;Rock;Ground;385;35;45;160;30;45;70;1;False;561.248608;758.14;196.89
96;Drowzee;Psychic;;328;60;48;45;43;90;42;1;False;422.6168477;388.56;34.05
97;Hypno;Psychic;;483;85;73;70;73;115;67;1;False;811.3199122;830.36;19.04
98;Krabby;Water;;325;30;105;90;25;25;50;1;False;824.8636251;996.15;171.28
99;Kingler;Water;;475;55;130;115;50;50;75;1;False;1383.211842;1437.94;54.73
100;Voltorb;Electric;;330;40;30;50;55;55;100;1;False;269.0608667;161.99;107.07
101;Electrode;Electric;;480;60;50;70;80;80;140;1;False;518.9833812;515.42;3.56
102;Exeggcute;Grass;Psychic;325;60;40;80;60;45;40;1;False;464.2534329;465.21;0.96
103;Exeggutor;Grass;Psychic;520;95;95;85;125;65;55;1;False;1153.689733;1140.88;12.81
104;Cubone;Ground;;320;50;50;95;40;50;35;1;False;549.6248721;583.61;33.99
105;Marowak;Ground;;425;60;80;110;50;80;45;1;False;919.8335447;968.92;49.08
106;Hitmonlee;Fighting;;455;50;120;53;35;110;87;1;False;897.5215875;1056.23;158.71
107;Hitmonchan;Fighting;;455;50;105;79;35;110;76;1;False;937.9978678;1028.51;90.51
108;Lickitung;Normal;;385;90;55;75;60;75;30;1;False;680.4777733;703.72;23.25
109;Koffing;Poison;;340;40;65;95;60;45;35;1;False;622.2539674;683.85;61.60
110;Weezing;Poison;;490;65;90;120;85;70;60;1;False;1091.192009;1125.65;34.46
111;Rhyhorn;Ground;Rock;345;80;85;95;30;30;25;1;False;1022.252415;1030.71;8.46
112;Rhydon;Ground;Rock;485;105;130;120;45;45;40;1;False;1845.548699;1659.46;186.09
113;Chansey;Normal;;450;250;5;5;35;105;50;1;False;145.6021978;573.10;427.50
114;Tangela;Grass;;435;65;55;115;100;40;60;1;False;713.8627319;776.85;62.98
115;Kangaskhan;Normal;;490;105;95;80;40;80;90;1;False;1174.478608;1159.23;15.25
115;KangaskhanMega Kangaskhan;Normal;;590;105;125;100;60;100;100;1;False;1644.627617;1526.19;118.44
116;Horsea;Water;;295;30;40;70;70;25;60;1;False;340.1562141;302.02;38.14
117;Seadra;Water;;440;55;65;95;95;45;85;1;False;701.997151;743.82;41.82
118;Goldeen;Water;;320;45;67;60;35;50;63;1;False;550.0727225;571.10;21.03
119;Seaking;Water;;450;80;92;65;65;80;68;1;False;932.8043739;966.34;33.54
120;Staryu;Water;;340;30;45;55;70;55;85;1;False;336.7491648;283.86;52.89
121;Starmie;Water;Psychic;520;60;75;85;100;85;115;1;False;779.4228634;814.01;34.59
122;Mr. Mime;Psychic;Fairy;460;40;45;65;100;120;90;1;False;397.9949748;367.10;30.89
123;Scyther;Bug;Flying;500;70;110;80;55;80;105;1;False;1123.262547;1159.52;36.26
124;Jynx;Ice;Psychic;455;65;50;35;115;95;95;1;False;411.0960958;383.98;27.12
125;Electabuzz;Electric;;490;65;83;57;95;85;105;1;False;743.7677057;787.64;43.87
126;Magmar;Fire;;495;65;95;57;100;85;93;1;False;834.8413023;899.81;64.97
127;Pinsir;Bug;;500;65;125;100;55;70;85;1;False;1342.832827;1366.28;23.45
127;PinsirMega Pinsir;Bug;Flying;600;65;155;120;65;90;105;1;False;1766.691824;1733.24;33.45
128;Tauros;Normal;;490;75;100;95;40;70;110;1;False;1144.235553;1150.93;6.70
129;Magikarp;Water;;200;20;10;55;15;20;80;1;False;123.7436867;-83.29;207.03
130;Gyarados;Water;Flying;540;95;125;79;60;100;81;1;False;1423.601068;1395.35;28.25
130;GyaradosMega Gyarados;Water;Dark;640;95;155;109;70;130;81;1;False;1985.43698;1805.58;179.86
131;Lapras;Water;Ice;535;130;85;80;85;95;60;1;False;1173.669459;1165.69;7.98
132;Ditto;Normal;;288;48;48;48;48;48;48;1;False;396.9;353.57;43.33
133;Eevee;Normal;;325;55;55;50;45;65;55;1;False;472.1758147;455.64;16.53
134;Vaporeon;Water;;525;130;65;60;110;95;65;1;False;834.2661446;892.21;57.94
135;Jolteon;Electric;;525;65;65;60;110;95;130;1;False;619.6773354;632.36;12.68
136;Flareon;Fire;;525;65;130;60;95;110;65;1;False;1123.16517;1239.96;116.79
137;Porygon;Normal;;395;65;60;70;85;75;40;1;False;618.4658438;628.89;10.42
138;Omanyte;Rock;Water;355;35;40;100;90;55;35;1;False;417.0581494;451.80;34.75
139;Omastar;Rock;Water;495;70;60;125;115;70;55;1;False;818.1534086;886.84;68.69
140;Kabuto;Rock;Water;355;30;80;90;55;45;55;1;False;653.0170365;762.46;109.44
141;Kabutops;Rock;Water;495;60;115;105;65;70;80;1;False;1233.288287;1274.45;41.16
142;Aerodactyl;Rock;Flying;515;80;105;65;60;75;130;1;False;1046.135746;1087.86;41.73
142;AerodactylMega Aerodactyl;Rock;Flying;615;80;135;85;70;95;150;1;False;1462.019152;1454.82;7.19
143;Snorlax;Normal;;540;160;110;65;65;110;30;1;False;1479.019946;1454.41;24.61
144;Articuno;Ice;Flying;580;90;85;100;95;125;85;1;True;1098.863049;1092.32;6.55
145;Zapdos;Electric;Flying;580;90;90;85;125;90;100;1;True;1075.92983;1074.16;1.77
146;Moltres;Fire;Flying;580;90;100;90;125;85;90;1;True;1207.5;1189.27;18.23
147;Dratini;Dragon;;300;41;64;45;50;50;50;1;False;457.9275052;462.17;4.24
148;Dragonair;Dragon;;420;61;84;65;70;70;70;1;False;771.9461121;815.61;43.66
149;Dragonite;Dragon;Flying;600;91;134;95;100;100;80;1;False;1608.92405;1532.72;76.21
150;Mewtwo;Psychic;;680;106;110;90;154;90;130;1;True;1408.95573;1346.70;62.25
150;MewtwoMega Mewtwo X;Psychic;Fighting;780;106;190;100;154;100;130;1;True;2418.218094;2137.78;280.44
150;MewtwoMega Mewtwo Y;Psychic;;780;106;150;70;194;120;140;1;True;1673.347319;1634.08;39.27
151;Mew;Psychic;;600;100;100;100;100;100;100;1;False;1322.5;1272.51;49.99
152;Chikorita;Grass;;318;45;49;65;49;65;45;2;False;443.4050067;424.48;18.93
153;Bayleef;Grass;;405;60;62;80;63;80;60;2;False;649.9548061;670.86;20.91
154;Meganium;Grass;;525;80;82;100;83;100;80;2;False;1013.870431;1024.30;10.43
155;Cyndaquil;Fire;;309;39;52;43;60;50;65;2;False;374.9606379;333.35;41.61
156;Quilava;Fire;;405;58;64;58;80;65;80;2;False;576.7;586.38;9.68
157;Typhlosion;Fire;;534;78;84;78;109;85;100;2;False;920.7;939.81;19.11
158;Totodile;Water;;314;50;65;64;44;48;43;2;False;573.2713145;589.70;16.43
159;Croconaw;Water;;405;65;80;80;59;63;58;2;False;828.1907993;859.11;30.92
160;Feraligatr;Water;;530;85;105;100;79;83;78;2;False;1286.856635;1259.28;27.57
161;Sentret;Normal;;215;35;46;34;35;45;20;2;False;301.9345956;222.33;79.60
162;Furret;Normal;;415;85;76;64;45;55;90;2;False;808.825692;832.44;23.62
163;Hoothoot;Normal;Flying;262;60;30;30;36;56;50;2;False;261.4263759;155.41;106.02
164;Noctowl;Normal;Flying;442;100;50;50;76;96;70;2;False;561.9775351;588.80;26.82
165;Ledyba;Bug;Flying;265;40;20;30;40;80;55;2;False;174.1228015;-18.02;192.14
166;Ledian;Bug;Flying;390;55;35;50;55;110;85;2;False;337.2684391;268.69;68.58
167;Spinarak;Bug;Poison;250;40;60;40;40;40;30;2;False;412.5;399.15;13.35
168;Ariados;Bug;Poison;390;70;90;70;60;60;40;2;False;892.5;929.31;36.81
169;Crobat;Poison;Flying;535;85;90;80;70;80;130;2;False;1023.413406;1032.54;9.12
170;Chinchou;Water;Electric;330;75;38;38;56;56;67;2;False;366.045489;324.77;41.28
171;Lanturn;Water;Electric;460;125;58;58;76;76;67;2;False;737.9863142;798.13;60.15
172;Pichu;Electric;;205;20;40;15;35;35;60;2;False;178.2203692;24.08;154.14
173;Cleffa;Fairy;;218;50;25;28;45;55;15;2;False;211.4710382;60.04;151.43
174;Igglybuff;Normal;Fairy;210;90;30;15;40;20;15;2;False;252.5618736;210.44;42.13
175;Togepi;Fairy;;245;35;20;65;40;65;20;2;False;221.3594362;113.42;107.94
176;Togetic;Fairy;Flying;405;55;40;85;80;105;40;2;False;460.1630146;466.86;6.70
177;Natu;Psychic;Flying;320;40;50;45;70;45;70;2;False;373.396572;327.31;46.09
178;Xatu;Psychic;Flying;470;65;75;70;95;70;95;2;False;742.1590126;769.10;26.94
179;Mareep;Electric;;280;55;40;40;65;45;35;2;False;341.2660253;272.16;69.10
180;Flaaffy;Electric;;365;70;55;55;80;60;45;2;False;539.9537017;537.24;2.71
181;Ampharos;Electric;;510;90;75;85;115;90;55;2;False;922.2255689;933.94;11.72
181;AmpharosMega Ampharos;Electric;Dragon;610;90;95;105;165;110;45;2;False;1234.746938;1207.43;27.32
182;Bellossom;Grass;;490;75;80;95;90;100;50;2;False;945.2380653;963.98;18.74
183;Marill;Water;Fairy;250;70;20;50;20;50;40;2;False;260.1562031;188.44;71.72
184;Azumarill;Water;Fairy;420;100;50;80;60;80;50;2;False;679.3977112;718.59;39.20
185;Sudowoodo;Rock;;410;70;100;115;30;65;30;2;False;1208.868272;1217.48;8.61
186;Politoed;Water;;500;90;75;75;90;100;70;2;False;874.8999943;890.68;15.78
187;Hoppip;Grass;Flying;250;35;35;40;35;55;50;2;False;262.202212;145.47;116.73
188;Skiploom;Grass;Flying;340;55;45;50;45;65;80;2;False;404.7221269;362.17;42.56
189;Jumpluff;Grass;Flying;460;75;55;70;55;95;110;2;False;612.249949;622.13;9.88
190;Aipom;Normal;;360;55;70;55;40;55;85;2;False;595;617.49;22.49
191;Sunkern;Grass;;180;30;30;30;30;30;30;2;False;202.5;35.48;167.02
192;Sunflora;Grass;;425;75;75;55;105;85;30;2;False;714.352854;744.18;29.83
193;Yanma;Bug;Flying;390;65;65;45;75;45;95;2;False;554.2562584;567.46;13.21
194;Wooper;Water;Ground;210;55;45;45;25;25;15;2;False;388.8444419;340.53;48.31
195;Quagsire;Water;Ground;430;95;85;85;65;65;35;2;False;1048.808848;1047.41;1.40
196;Espeon;Psychic;;525;65;65;60;130;95;110;2;False;619.6773354;632.36;12.68
197;Umbreon;Dark;;525;95;65;110;60;130;65;2;False;938.083152;968.62;30.54
198;Murkrow;Dark;Flying;405;60;85;42;85;42;91;2;False;653.8348415;721.45;67.61
199;Slowking;Water;Psychic;490;95;75;80;100;110;30;2;False;920.0271735;932.30;12.27
200;Misdreavus;Ghost;;435;60;60;60;85;85;85;2;False;562.5;565.63;3.13
201;Unown;Psychic;;336;48;72;48;72;48;48;2;False;548.1;577.91;29.81
202;Wobbuffet;Psychic;;405;190;33;58;33;58;33;2;False;587.1912806;824.29;237.10
203;Girafarig;Normal;Psychic;455;70;80;65;90;65;85;2;False;783.3900689;814.20;30.81
204;Pineco;Bug;;290;50;65;90;35;35;15;2;False;660.9084657;702.19;41.29
205;Forretress;Bug;Steel;465;75;90;140;60;60;40;2;False;1240.15624;1252.16;12.00
206;Dunsparce;Normal;;415;100;70;70;65;65;45;2;False;840.3830972;862.28;21.90
207;Gligar;Ground;Flying;430;65;75;105;35;65;85;2;False;881.8163074;920.53;38.72
208;Steelix;Steel;Ground;510;75;85;200;55;65;30;2;False;1391.042774;1465.01;73.97
208;SteelixMega Steelix;Steel;Ground;610;75;125;230;55;95;30;2;False;2078.893937;1968.72;110.18
209;Snubbull;Fairy;;300;60;80;50;40;40;30;2;False;663.3014021;709.32;46.02
210;Granbull;Fairy;;450;90;120;75;60;60;45;2;False;1312.349991;1311.32;1.03
211;Qwilfish;Water;Poison;430;65;95;75;55;55;85;2;False;933.3809512;977.69;44.31
212;Scizor;Bug;Steel;500;70;130;100;55;80;65;2;False;1433.594695;1433.01;0.59
212;ScizorMega Scizor;Bug;Steel;600;70;150;140;65;100;75;2;False;1893.909647;1793.03;100.88
213;Shuckle;Bug;Rock;505;20;10;230;10;230;5;2;False;231.5032397;673.87;442.37
214;Heracross;Bug;Fighting;500;80;125;75;40;95;85;2;False;1294.526941;1318.08;23.56
214;HeracrossMega Heracross;Bug;Fighting;600;80;185;115;40;105;75;2;False;2222.611077;2052.00;170.61
215;Sneasel;Dark;Ice;430;55;95;55;35;75;115;2;False;770;851.18;81.18
216;Teddiursa;Normal;;330;60;80;50;50;50;40;2;False;663.3014021;709.32;46.02
217;Ursaring;Normal;;500;90;130;75;75;75;55;2;False;1409.561102;1404.80;4.76
218;Slugma;Fire;;250;40;40;40;70;40;20;2;False;302.5;212.20;90.30
219;Magcargo;Fire;Rock;410;50;50;120;80;80;30;2;False;608.8873048;691.78;82.89
220;Swinub;Ice;Ground;250;50;50;40;30;30;50;2;False;388.6434742;345.65;42.99
221;Piloswine;Ice;Ground;450;100;100;80;60;60;50;2;False;1202.011335;1185.98;16.03
222;Corsola;Water;Rock;380;55;55;85;65;85;35;2;False;585.6620186;607.07;21.41
223;Remoraid;Water;;300;35;65;35;65;35;65;2;False;400;404.27;4.27
224;Octillery;Water;;480;75;105;75;105;75;45;2;False;1080;1111.14;31.14
225;Delibird;Ice;Flying;330;45;55;45;65;45;75;2;False;420;394.03;25.97
226;Mantine;Water;Flying;465;65;40;70;80;140;70;2;False;453.5416188;441.94;11.61
227;Skarmory;Steel;Flying;465;65;80;140;40;70;70;2;False;1057.875229;1118.70;60.83
228;Houndour;Dark;Fire;330;45;60;30;80;50;65;2;False;389.7114317;375.87;13.84
229;Houndoom;Dark;Fire;500;75;90;50;110;80;95;2;False;803.0955734;862.76;59.67
229;HoundoomMega Houndoom;Dark;Fire;600;75;90;90;140;90;115;2;False;1020.71666;1035.83;15.11
230;Kingdra;Water;Dragon;540;75;95;95;95;95;85;2;False;1094.486181;1104.20;9.71
231;Phanpy;Ground;;330;90;60;60;40;40;40;2;False;665.5589756;685.56;20.00
232;Donphan;Ground;;500;90;120;120;60;60;50;2;False;1607.293921;1506.02;101.28
233;Porygon2;Normal;;515;85;80;90;105;95;60;2;False;973.4603228;982.33;8.87
234;Stantler;Normal;;465;73;95;62;85;65;85;2;False;905.4810876;953.42;47.94
235;Smeargle;Normal;;250;55;20;35;20;45;75;2;False;207.0627924;63.58;143.49
236;Tyrogue;Fighting;;210;35;35;35;35;35;35;2;False;250;123.84;126.16
237;Hitmontop;Fighting;;455;50;95;95;35;110;70;2;False;930.1343989;1004.26;74.12
238;Smoochum;Ice;Psychic;305;45;30;15;85;65;65;2;False;190.9188309;30.54;160.38
239;Elekid;Electric;;360;45;63;37;65;55;95;2;False;435.6842894;434.20;1.48
240;Magby;Fire;;365;45;75;37;70;55;83;2;False;502.7126416;546.37;43.66
241;Miltank;Normal;;490;95;80;105;40;70;100;2;False;1091.466903;1087.20;4.27
242;Blissey;Normal;;540;255;10;10;75;135;55;2;False;205.3959591;661.46;456.06
243;Raikou;Electric;;580;90;85;75;115;100;115;2;True;972.1111048;984.15;12.04
244;Entei;Fire;;580;115;115;85;90;75;100;2;True;1482.228053;1407.79;74.44
245;Suicune;Water;;580;100;75;115;90;115;85;2;True;1100.431733;1103.72;3.29
246;Larvitar;Rock;Ground;300;50;64;50;45;50;41;2;False;513.5;519.78;6.28
247;Pupitar;Rock;Ground;410;70;84;70;65;70;51;2;False;841.5;873.22;31.72
248;Tyranitar;Rock;Dark;600;100;134;110;95;100;61;2;False;1786.447242;1633.59;152.85
248;TyranitarMega Tyranitar;Rock;Dark;700;100;164;150;95;120;71;2;False;2465.720939;2087.09;378.63
249;Lugia;Psychic;Flying;680;106;90;130;90;154;110;2;True;1390.804174;1332.82;57.99
250;Ho-oh;Fire;Flying;680;106;130;90;110;154;90;2;True;1634.388647;1533.66;100.73
251;Celebi;Psychic;Grass;600;100;100;100;100;100;100;2;False;1322.5;1272.51;49.99
252;Treecko;Grass;;310;40;45;35;65;55;70;3;False;314.6426545;237.30;77.34
253;Grovyle;Grass;;405;50;65;45;85;65;95;3;False;499.5998399;507.50;7.90
254;Sceptile;Grass;;530;70;85;65;105;85;120;3;False;824.6211251;860.93;36.31
254;SceptileMega Sceptile;Grass;Dragon;630;70;110;75;145;85;145;3;False;1093.30348;1137.89;44.59
255;Torchic;Fire;;310;45;60;40;70;50;45;3;False;430.8421985;419.14;11.70
256;Combusken;Fire;Fighting;405;60;85;60;85;60;55;3;False;750;799.32;49.32
257;Blaziken;Fire;Fighting;530;80;120;70;110;70;80;3;False;1213.123551;1249.71;36.59
257;BlazikenMega Blaziken;Fire;Fighting;630;80;160;80;130;80;100;3;False;1662.5;1666.88;4.38
258;Mudkip;Water;;310;50;70;50;50;50;40;3;False;552.5;575.87;23.37
259;Marshtomp;Water;Ground;405;70;85;70;60;70;50;3;False;850;882.57;32.57
260;Swampert;Water;Ground;535;100;110;90;85;90;60;3;False;1373.578811;1322.72;50.86
260;SwampertMega Swampert;Water;Ground;635;100;150;110;95;110;70;3;False;1978.280503;1783.16;195.12
261;Poochyena;Dark;;220;35;55;35;30;30;35;3;False;350;310.79;39.21
262;Mightyena;Dark;;420;70;90;70;60;60;70;3;False;892.5;929.31;36.81
263;Zigzagoon;Normal;;240;38;30;41;30;41;60;3;False;245.1570925;115.05;130.11
264;Linoone;Normal;;420;78;70;61;50;61;100;3;False;714.6068849;735.39;20.79
265;Wurmple;Bug;;195;45;45;35;20;30;20;3;False;328.6335345;257.29;71.34
266;Silcoon;Bug;;205;50;35;55;25;25;15;3;False;337.2684391;270.33;66.93
267;Beautifly;Bug;Flying;395;60;70;50;100;50;65;3;False;593.4802019;615.84;22.36
268;Cascoon;Bug;;205;50;35;55;25;25;15;3;False;337.2684391;270.33;66.93
269;Dustox;Bug;Poison;385;60;50;70;50;90;65;3;False;518.9833812;515.42;3.56
270;Lotad;Water;Grass;220;40;30;30;40;50;30;3;False;223.8721733;75.45;148.42
271;Lombre;Water;Grass;340;60;50;50;60;70;50;3;False;453.8378014;428.89;24.95
272;Ludicolo;Water;Grass;480;80;70;70;90;100;70;3;False;763.8185321;782.33;18.51
273;Seedot;Grass;;220;40;40;50;30;30;30;3;False;328.8521704;255.46;73.39
274;Nuzleaf;Grass;Dark;340;70;70;40;60;40;60;3;False;581.1787591;612.55;31.38
275;Shiftry;Grass;Dark;480;90;100;60;90;60;80;3;False;1020.523763;1059.47;38.94
276;Taillow;Normal;Flying;270;40;55;30;30;30;85;3;False;348.245603;309.15;39.10
277;Swellow;Normal;Flying;430;60;85;60;50;50;125;3;False;750;799.32;49.32
278;Wingull;Water;Flying;270;40;30;30;55;30;85;3;False;223.8721733;75.45;148.42
279;Pelipper;Water;Flying;430;60;50;100;85;70;65;3;False;603.6607077;645.22;41.56
280;Ralts;Psychic;Fairy;198;28;25;25;45;35;40;3;False;165.8915308;-40.89;206.78
281;Kirlia;Psychic;Fairy;278;38;35;35;65;55;50;3;False;257.3907535;135.83;121.56
282;Gardevoir;Psychic;Fairy;518;68;65;65;125;115;80;3;False;651.8895612;665.99;14.10
282;GardevoirMega Gardevoir;Psychic;Fairy;618;68;85;65;165;135;100;3;False;814.8619515;852.94;38.08
283;Surskit;Bug;Water;269;40;30;32;50;52;65;3;False;228.7930287;84.11;144.69
284;Masquerain;Bug;Flying;414;70;60;62;80;82;60;3;False;606.7588071;614.26;7.50
285;Shroomish;Grass;;295;60;40;60;40;60;35;3;False;412.5;378.68;33.82
286;Breloom;Grass;Fighting;460;60;130;80;60;60;70;3;False;1223.940869;1306.50;82.56
287;Slakoth;Normal;;280;60;60;60;35;35;30;3;False;562.5;565.63;3.13
288;Vigoroth;Normal;;440;80;80;80;55;55;90;3;False;902.5;919.07;16.57
289;Slaking;Normal;;670;150;160;100;95;65;100;3;False;2410.62103;2033.25;377.37
290;Nincada;Bug;Ground;266;31;45;90;30;30;40;3;False;416.9892085;439.29;22.30
291;Ninjask;Bug;Flying;456;61;90;45;50;50;160;3;False;709.0416067;785.16;76.12
292;Shedinja;Bug;Ghost;236;1;90;45;30;30;40;3;False;325.3306011;545.30;219.97
293;Whismur;Normal;;240;64;51;23;51;23;28;3;False;361.6173668;337.41;24.21
294;Loudred;Normal;;360;84;71;43;71;43;48;3;False;651.6734765;690.85;39.18
295;Exploud;Normal;;490;104;91;63;91;73;68;3;False;1021.23725;1044.29;23.05
296;Makuhita;Fighting;;237;72;60;30;20;30;25;3;False;469.2747063;483.81;14.53
297;Hariyama;Fighting;;474;144;120;60;40;60;50;3;False;1474.222253;1462.29;11.93
298;Azurill;Normal;Fairy;190;50;20;40;20;40;20;3;False;209.269563;65.22;144.05
299;Nosepass;Rock;;375;30;45;135;45;90;30;3;False;492.9503018;629.99;137.04
300;Skitty;Normal;;260;50;45;45;35;35;50;3;False;374.6998799;320.54;54.16
301;Delcatty;Normal;;380;70;65;65;55;55;70;3;False;659.6969001;673.98;14.28
302;Sableye;Dark;Ghost;380;50;75;75;65;65;50;3;False;688.3676343;730.77;42.40
302;SableyeMega Sableye;Dark;Ghost;480;50;85;125;85;115;20;3;False;953.9392014;1040.58;86.64
303;Mawile;Steel;Fairy;380;50;85;85;55;55;50;3;False;806.2257748;867.51;61.29
303;MawileMega Mawile;Steel;Fairy;480;50;105;125;55;95;50;3;False;1144.727042;1227.53;82.80
304;Aron;Steel;Rock;330;50;70;100;40;40;30;3;False;734.8936998;792.20;57.30
305;Lairon;Steel;Rock;430;60;90;140;50;50;40;3;False;1132.102579;1192.19;60.09
306;Aggron;Steel;Rock;530;70;110;180;60;60;50;3;False;1609.299149;1592.18;17.11
306;AggronMega Aggron;Steel;;630;70;140;230;60;80;50;3;False;2236.784802;2088.94;147.84
307;Meditite;Fighting;Psychic;280;30;40;55;40;55;60;3;False;308.6867344;237.12;71.57
308;Medicham;Fighting;Psychic;410;60;60;75;60;75;80;3;False;616.1878772;630.53;14.35
308;MedichamMega Medicham;Fighting;Psychic;510;60;100;85;80;85;100;3;False;995.9292144;1047.70;51.78
309;Electrike;Electric;;295;40;45;40;65;40;65;3;False;330;258.93;71.07
310;Manectric;Electric;;475;70;75;60;105;60;105;3;False;718.592374;745.82;27.23
310;ManectricMega Manectric;Electric;;575;70;75;80;135;80;135;3;False;808.749034;832.36;23.61
311;Plusle;Electric;;405;60;50;40;85;75;95;3;False;417.4700588;385.63;31.84
312;Minun;Electric;;405;60;40;50;75;85;95;3;False;384.0166012;335.42;48.60
313;Volbeat;Bug;;400;65;73;55;47;75;85;3;False;658.5317001;685.51;26.98
314;Illumise;Bug;;400;65;47;55;73;75;85;3;False;463.965516;442.47;21.50
315;Roselia;Grass;Poison;400;50;60;45;100;80;65;3;False;468.3748499;460.76;7.62
316;Gulpin;Poison;;302;70;43;53;43;53;40;3;False;440.9526052;416.41;24.54
317;Swalot;Poison;;467;100;73;83;73;83;55;3;False;934.2102547;946.57;12.36
318;Carvanha;Water;Dark;305;45;90;20;65;20;65;3;False;481.170448;613.03;131.86
319;Sharpedo;Water;Dark;460;70;120;40;95;40;95;3;False;923.0486174;1079.94;156.89
319;SharpedoMega Sharpedo;Water;Dark;560;70;140;70;110;65;105;3;False;1317.5;1396.69;79.19
320;Wailmer;Water;;400;130;70;35;70;35;60;3;False;723.7489206;830.78;107.03
321;Wailord;Water;;500;170;90;45;90;45;60;3;False;1106.243644;1220.90;114.66
322;Numel;Fire;Ground;305;60;60;40;65;45;35;3;False;481.6962217;479.10;2.59
323;Camerupt;Fire;Ground;460;70;100;70;105;75;40;3;False;977.5;1022.78;45.28
323;CameruptMega Camerupt;Fire;Ground;560;70;120;100;145;105;20;3;False;1334.726095;1339.53;4.81
324;Torkoal;Fire;;470;70;85;140;85;70;20;3;False;1147.824028;1185.43;37.61
325;Spoink;Psychic;;330;60;25;35;70;80;60;3;False;244.9489743;130.30;114.65
326;Grumpig;Psychic;;470;80;45;65;90;110;80;3;False;523.0678732;527.01;3.94
327;Spinda;Normal;;360;60;60;60;60;60;60;3;False;562.5;565.63;3.13
328;Trapinch;Ground;;290;45;100;45;45;45;10;3;False;690;814.68;124.68
329;Vibrava;Ground;Dragon;340;50;70;50;50;50;70;3;False;552.5;575.87;23.37
330;Flygon;Ground;Dragon;520;80;100;80;80;80;100;3;False;1092.5;1106.02;13.52
331;Cacnea;Grass;;335;50;85;40;85;40;35;3;False;597.9130372;672.82;74.90
332;Cacturne;Grass;Dark;475;70;115;60;115;60;55;3;False;1037.966762;1119.73;81.76
333;Swablu;Normal;Flying;310;45;40;60;40;75;50;3;False;368.9512163;318.72;50.23
334;Altaria;Dragon;Flying;490;75;70;90;70;105;80;3;False;826.294439;848.87;22.58
334;AltariaMega Altaria;Dragon;Fairy;590;75;110;110;110;105;80;3;False;1325.825215;1309.31;16.51
335;Zangoose;Normal;;458;73;115;60;60;60;90;3;False;1056.124993;1131.72;75.60
336;Seviper;Poison;;458;73;100;60;100;60;65;3;False;934.2644165;991.51;57.24
337;Lunatone;Rock;Psychic;440;70;55;65;95;85;70;3;False;577.2347876;580.51;3.27
338;Solrock;Rock;Psychic;440;70;95;85;55;65;70;3;False;1014.14989;1040.94;26.79
339;Barboach;Water;Ground;288;50;48;43;46;41;60;3;False;386.8220521;339.93;46.89
340;Whiscash;Water;Ground;468;110;78;73;76;71;60;3;False;975.3922288;990.02;14.63
341;Corphish;Water;;308;43;80;65;50;35;35;3;False;647.1166819;706.26;59.14
342;Crawdaunt;Water;Dark;468;63;120;85;90;55;55;3;False;1192.287717;1246.65;54.36
343;Baltoy;Ground;Psychic;300;40;40;55;40;70;55;3;False;341.2660253;277.10;64.17
344;Claydol;Ground;Psychic;500;60;70;105;70;120;75;3;False;806.3808033;853.81;47.43
345;Lileep;Rock;Grass;355;66;41;77;61;87;23;3;False;483.4198175;485.57;2.15
346;Cradily;Rock;Grass;495;86;81;97;81;107;43;3;False;1021.035709;1025.96;4.92
347;Anorith;Rock;Bug;355;45;95;50;40;50;75;3;False;686.9497798;789.57;102.62
348;Armaldo;Rock;Bug;495;75;125;100;70;80;45;3;False;1424.289296;1406.26;18.03
349;Feebas;Water;;200;20;15;20;10;55;80;3;False;105;-187.98;292.98
350;Milotic;Water;;540;95;60;79;100;125;81;3;False;762.6434291;787.76;25.11
351;Castform;Normal;;420;70;70;70;70;70;70;3;False;722.5;742.35;19.85
352;Kecleon;Normal;;440;60;90;70;60;120;40;3;False;838.3577697;889.33;50.97
353;Shuppet;Ghost;;295;44;75;35;63;33;45;3;False;488.8251221;533.72;44.90
354;Banette;Ghost;;455;64;115;65;83;63;65;3;False;1033.47956;1117.38;83.90
354;BanetteMega Banette;Ghost;;555;64;165;75;93;83;75;3;False;1517.774687;1628.03;110.25
355;Duskull;Ghost;;295;20;40;90;30;90;25;3;False;333.4197805;348.57;15.15
356;Dusclops;Ghost;;455;40;70;130;60;130;25;3;False;759.0742717;882.02;122.95
357;Tropius;Grass;Flying;460;99;68;83;72;87;51;3;False;877.2907614;895.83;18.54
358;Chimecho;Psychic;;425;65;50;70;95;80;65;3;False;536.0037313;535.41;0.59
359;Absol;Dark;;465;65;130;60;75;60;75;3;False;1123.16517;1239.96;116.79
359;AbsolMega Absol;Dark;;565;65;150;60;115;60;115;3;False;1278.084504;1426.91;148.82
360;Wynaut;Psychic;;260;95;23;48;23;48;23;3;False;316.3371619;307.77;8.57
361;Snorunt;Ice;;300;50;50;50;50;50;50;3;False;422.5;388.92;33.58
362;Glalie;Ice;;480;80;80;80;80;80;80;3;False;902.5;919.07;16.57
362;GlalieMega Glalie;Ice;;580;80;120;80;120;80;100;3;False;1282.5;1292.98;10.48
363;Spheal;Ice;Water;290;70;40;50;55;50;25;3;False;408.8168906;375.39;33.43
364;Sealeo;Ice;Water;410;90;60;70;75;70;45;3;False;708.541636;728.83;20.29
365;Walrein;Ice;Water;530;110;80;90;95;90;65;3;False;1088.361728;1082.27;6.10
366;Clamperl;Water;;345;35;64;85;74;55;32;3;False;558.6143571;611.25;52.63
367;Huntail;Water;;485;55;104;105;94;75;52;3;False;1090.653015;1151.64;60.99
368;Gorebyss;Water;;485;55;84;105;114;75;52;3;False;907.3499876;964.69;57.34
369;Relicanth;Water;Rock;485;100;90;130;45;65;55;3;False;1355.883015;1308.83;47.05
370;Luvdisc;Water;;330;43;30;55;40;65;97;3;False;286.7315818;195.61;91.12
371;Bagon;Dragon;;300;45;75;60;40;30;50;3;False;603.7383539;645.88;42.15
372;Shelgon;Dragon;;420;65;95;100;60;50;50;3;False;1055.082935;1085.85;30.77
373;Salamence;Dragon;Flying;600;95;135;80;110;80;100;3;False;1533.378623;1493.16;40.22
373;SalamenceMega Salamence;Dragon;Flying;700;95;145;130;120;90;120;3;False;2020.69295;1802.96;217.73
374;Beldum;Steel;Psychic;300;40;55;80;35;60;30;3;False;505.9891303;525.48;19.49
375;Metang;Steel;Psychic;420;60;75;100;55;80;50;3;False;835.8379029;878.91;43.07
376;Metagross;Steel;Psychic;600;80;135;130;95;90;70;3;False;1760.504189;1649.52;110.98
376;MetagrossMega Metagross;Steel;Psychic;700;80;145;150;105;110;110;3;False;2003.197444;1829.53;173.67
377;Regirock;Rock;;580;80;100;200;50;100;50;3;True;1643.534682;1625.22;18.32
378;Regice;Ice;;580;80;50;100;100;200;50;3;True;679.3977112;725.17;45.78
379;Registeel;Steel;;580;80;75;150;75;150;50;3;True;1126.798562;1175.20;48.40
380;Latias;Dragon;Psychic;600;80;80;90;110;130;110;3;True;948.8117569;962.34;13.53
380;LatiasMega Latias;Dragon;Psychic;700;80;100;120;140;150;110;3;True;1302.34644;1279.09;23.26
381;Latios;Dragon;Psychic;600;80;90;80;130;110;110;3;True;997.5;1012.55;15.05
381;LatiosMega Latios;Dragon;Psychic;700;80;130;100;160;120;110;3;True;1515.57951;1472.99;42.59
382;Kyogre;Water;;670;100;100;90;150;140;90;3;True;1263.692506;1229.24;34.45
382;KyogrePrimal Kyogre;Water;;770;100;150;90;180;160;90;3;True;1813.124031;1696.62;116.50
383;Groudon;Ground;;670;100;150;140;100;90;90;3;True;2202.919937;1912.95;289.97
383;GroudonPrimal Groudon;Ground;Fire;770;100;180;160;150;90;90;3;True;2766.320887;2279.92;486.41
384;Rayquaza;Dragon;Flying;680;105;150;90;150;90;95;3;True;1852.120406;1716.61;135.51
384;RayquazaMega Rayquaza;Dragon;Flying;780;105;180;100;180;100;115;3;True;2290.731324;2040.31;250.42
385;Jirachi;Steel;Psychic;600;100;100;100;100;100;100;3;True;1322.5;1272.51;49.99
386;DeoxysNormal Forme;Psychic;;600;50;150;50;150;50;150;3;True;1072.5;1323.68;251.18
386;DeoxysAttack Forme;Psychic;;600;50;180;20;180;20;150;3;True;930.0907214;1474.31;544.22
386;DeoxysDefense Forme;Psychic;;600;50;70;160;70;160;90;3;True;906.5559828;1051.79;145.24
386;DeoxysSpeed Forme;Psychic;;600;50;95;90;95;90;180;3;True;908.7491403;982.62;73.87
387;Turtwig;Grass;;318;55;68;64;45;55;31;4;False;617.2209491;637.73;20.51
388;Grotle;Grass;;405;75;89;85;55;65;36;4;False;986.63063;1004.84;18.21
389;Torterra;Grass;Ground;525;95;109;105;75;85;56;4;False;1424.651536;1358.28;66.37
390;Chimchar;Fire;;309;44;58;44;58;44;61;4;False;430.7;413.75;16.95
391;Monferno;Fire;Fighting;405;64;78;52;78;52;81;4;False;676.6029633;715.27;38.67
392;Infernape;Fire;Fighting;534;76;104;71;104;71;108;4;False;1052.729718;1088.48;35.75
393;Piplup;Water;;314;53;51;53;61;56;40;4;False;448.8;423.24;25.56
394;Prinplup;Water;;405;64;66;68;81;76;50;4;False;655.8999695;672.32;16.42
395;Empoleon;Water;Steel;530;84;86;88;111;101;60;4;False;1019.89998;1025.76;5.86
396;Starly;Normal;Flying;245;40;55;30;30;30;60;4;False;348.245603;309.15;39.10
397;Staravia;Normal;Flying;340;55;75;50;40;40;80;4;False;607.0831903;642.59;35.51
398;Staraptor;Normal;Flying;485;85;120;70;50;60;100;4;False;1244.638502;1269.70;25.06
399;Bidoof;Normal;;250;59;45;40;35;40;31;4;False;382.7793098;334.89;47.89
400;Bibarel;Normal;Water;410;79;85;60;55;60;71;4;False;839.6427812;875.28;35.64
401;Kricketot;Bug;;194;37;25;41;25;41;25;4;False;215.851801;64.32;151.54
402;Kricketune;Bug;;384;77;85;51;55;51;65;4;False;779.2303896;828.35;49.11
403;Shinx;Electric;;263;45;65;34;40;34;45;4;False;433.7741348;439.92;6.14
404;Luxio;Electric;;363;60;85;49;60;49;60;4;False;692.820323;751.73;58.91
405;Luxray;Electric;;523;80;120;79;95;79;70;4;False;1275.732143;1288.65;12.92
406;Budew;Grass;Poison;280;40;30;35;50;70;55;4;False;235.9819908;97.09;138.89
407;Roserade;Grass;Poison;515;60;70;65;125;105;90;4;False;658.4071689;680.74;22.34
408;Cranidos;Rock;;350;67;125;40;30;30;58;4;False;940.1914699;1114.68;174.49
409;Rampardos;Rock;;495;97;165;60;65;50;58;4;False;1649.72725;1695.05;45.32
410;Shieldon;Rock;Steel;350;30;42;118;42;88;30;4;False;440.967856;528.39;87.42
411;Bastiodon;Rock;Steel;495;60;52;168;47;138;30;4;False;784.9300924;958.13;173.20
412;Burmy;Bug;;224;40;29;45;29;45;36;4;False;252.7607564;131.01;121.75
413;WormadamPlant Cloak;Bug;Grass;424;60;59;85;79;105;36;4;False;640.8587988;664.45;23.59
413;WormadamSandy Cloak;Bug;Ground;424;60;79;105;59;85;36;4;False;891.7623002;937.94;46.17
413;WormadamTrash Cloak;Bug;Steel;424;60;69;95;69;95;36;4;False;762.9678892;801.19;38.23
414;Mothim;Bug;Flying;424;70;94;50;94;50;66;4;False;810.2007467;880.16;69.96
415;Combee;Bug;Flying;244;30;30;42;30;42;70;4;False;227.9062307;87.40;140.51
416;Vespiquen;Bug;Flying;474;70;80;102;80;102;40;4;False;947.3838979;974.28;26.90
417;Pachirisu;Electric;;405;60;45;70;45;90;95;4;False;479.0615827;468.69;10.38
418;Buizel;Water;;330;55;65;35;60;30;85;4;False;473.2863826;484.22;10.93
419;Floatzel;Water;;495;85;105;55;85;50;115;4;False;1003.992032;1064.59;60.59
420;Cherubi;Grass;;275;45;35;45;62;53;35;4;False;300;207.08;92.92
421;Cherrim;Grass;;450;70;60;70;87;78;85;4;False;637.5;648.88;11.38
422;Shellos;Water;;325;76;48;48;57;62;34;4;False;477.0144337;465.51;11.51
423;Gastrodon;Water;Ground;475;111;83;68;92;82;39;4;False;1002.19076;1019.12;16.93
424;Ambipom;Normal;;482;75;100;66;60;66;115;4;False;981.8872135;1025.46;43.58
425;Drifloon;Ghost;Flying;348;90;50;34;60;44;70;4;False;466.2362599;479.59;13.36
426;Drifblim;Ghost;Flying;498;150;80;44;90;54;80;4;False;937.3279842;1043.15;105.82
427;Buneary;Normal;;350;55;66;44;44;56;85;4;False;520.547116;532.51;11.96
428;Lopunny;Normal;;480;65;76;84;54;96;105;4;False;809.8488748;839.02;29.17
428;LopunnyMega Lopunny;Normal;Fighting;580;65;136;94;54;96;135;4;False;1410.052198;1443.15;33.09
429;Mismagius;Ghost;;495;60;60;60;105;105;105;4;False;562.5;565.63;3.13
430;Honchkrow;Dark;Flying;505;100;125;52;105;52;71;4;False;1228.893812;1298.52;69.63
431;Glameow;Normal;;310;49;55;42;42;37;85;4;False;422.7907284;397.04;25.75
432;Purugly;Normal;;452;71;82;64;64;59;112;4;False;799.5295242;832.56;33.03
433;Chingling;Psychic;;285;45;30;50;65;50;45;4;False;281.0249099;181.97;99.05
434;Stunky;Poison;Dark;329;63;63;47;41;41;74;4;False;542.4225659;549.42;7.00
435;Skuntank;Poison;Dark;479;103;93;67;71;61;84;4;False;1062.359939;1076.29;13.93
436;Bronzor;Steel;Psychic;300;57;24;86;24;86;23;4;False;332.5764874;329.62;2.96
437;Bronzong;Steel;Psychic;500;67;89;116;79;116;33;4;False;1077.89365;1106.99;29.09
438;Bonsly;Rock;;290;50;80;95;10;45;10;4;False;803.29789;864.04;60.74
439;Mime Jr.;Psychic;Fairy;310;20;25;45;70;90;60;4;False;183.3030278;13.66;169.64
440;Happiny;Normal;;220;100;5;5;15;65;30;4;False;95.91663047;-26.54;122.46
441;Chatot;Normal;Flying;411;76;65;45;92;42;91;4;False;591.1345025;611.44;20.30
442;Spiritomb;Ghost;Dark;485;50;92;108;92;108;35;4;False;956.7379735;1032.46;75.72
443;Gible;Dragon;Ground;300;58;70;45;40;45;42;4;False;562.5433317;586.22;23.67
444;Gabite;Dragon;Ground;410;68;90;65;50;55;82;4;False;855.6050491;899.68;44.07
445;Garchomp;Dragon;Ground;600;108;130;95;80;85;102;4;False;1686.618659;1563.29;123.33
445;GarchompMega Garchomp;Dragon;Ground;700;108;170;115;120;95;92;4;False;2339.354078;2023.72;315.63
446;Munchlax;Normal;;390;135;85;40;40;85;5;4;False;908.2951062;1012.62;104.32
447;Riolu;Fighting;;285;40;70;40;35;40;60;4;False;467.5;492.63;25.13
448;Lucario;Fighting;Steel;525;70;110;70;115;70;90;4;False;1062.5;1116.26;53.76
448;LucarioMega Lucario;Fighting;Steel;625;70;145;88;140;70;112;4;False;1497.090512;1521.30;24.21
449;Hippopotas;Ground;;330;68;72;78;38;42;32;4;False;764.3632056;787.67;23.30
450;Hippowdon;Ground;;525;108;112;118;68;72;47;4;False;1624.359292;1494.54;129.82
451;Skorupi;Poison;Bug;330;40;50;90;30;55;65;4;False;493.957235;522.00;28.05
452;Drapion;Poison;Dark;500;70;90;110;60;75;95;4;False;1082.315227;1102.37;20.05
453;Croagunk;Poison;Fighting;300;48;61;40;61;40;50;4;False;447.3683046;440.48;6.89
454;Toxicroak;Poison;Fighting;490;83;106;65;86;65;85;4;False;1071.379671;1109.20;37.82
455;Carnivine;Grass;;454;74;100;72;90;72;46;4;False;1011.934657;1047.43;35.49
456;Finneon;Water;;330;49;49;56;49;61;66;4;False;431.4188684;401.53;29.89
457;Lumineon;Water;;460;69;69;76;69;86;91;4;False;734.4117646;754.97;20.56
458;Mantyke;Water;Flying;345;45;20;50;60;120;50;4;False;218.5749299;88.50;130.08
459;Snover;Grass;Ice;334;60;62;50;62;60;40;4;False;537.6232417;541.06;3.44
460;Abomasnow;Grass;Ice;494;90;92;75;92;85;60;4;False;1040.158882;1049.59;9.43
460;AbomasnowMega Abomasnow;Grass;Ice;594;90;132;105;132;105;30;4;False;1650.070908;1553.29;96.78
461;Weavile;Dark;Ice;510;70;120;65;45;85;125;4;False;1113.238519;1188.10;74.86
462;Magnezone;Electric;Steel;535;70;70;115;130;90;60;4;False;893.5113318;937.05;43.54
463;Lickilicky;Normal;;515;110;85;95;80;95;50;4;False;1172.60394;1150.64;21.97
464;Rhyperior;Ground;Rock;535;115;140;130;55;55;40;4;False;2128.077184;1836.18;291.90
465;Tangrowth;Grass;;535;100;100;125;110;50;50;4;False;1459.186417;1380.67;78.51
466;Electivire;Electric;;540;75;123;67;95;85;95;4;False;1185.515584;1244.79;59.27
467;Magmortar;Fire;;540;75;95;67;125;95;83;4;False;944.9761902;983.05;38.08
468;Togekiss;Fairy;Flying;545;85;50;95;120;115;80;4;False;681.7257513;723.53;41.80
469;Yanmega;Bug;Flying;515;86;76;86;116;56;95;4;False;919.1;931.63;12.53
470;Leafeon;Grass;;525;65;110;130;60;65;95;4;False;1346.291202;1355.87;9.57
471;Glaceon;Ice;;525;65;60;110;130;95;65;4;False;750;801.95;51.95
472;Gliscor;Ground;Flying;510;75;95;125;45;75;95;4;False;1234.746938;1233.99;0.75
473;Mamoswine;Ice;Ground;530;110;130;80;70;60;80;4;False;1580.100867;1506.38;73.72
474;Porygon-Z;Normal;;535;85;80;70;135;75;90;4;False;875.8567234;895.79;19.94
475;Gallade;Psychic;Fighting;518;68;125;65;65;115;80;4;False;1140.806732;1226.84;86.04
475;GalladeMega Gallade;Psychic;Fighting;618;68;165;95;65;115;110;4;False;1719.918603;1730.55;10.63
476;Probopass;Rock;Steel;525;60;55;145;75;150;40;4;False;766.8115805;886.66;119.85
477;Dusknoir;Ghost;;525;45;100;135;65;135;45;4;False;1090.985793;1204.07;113.08
478;Froslass;Ice;Ghost;480;70;80;70;80;70;110;4;False;807.5;835.83;28.33
479;Rotom;Electric;Ghost;440;50;50;77;95;77;91;4;False;502.6479882;505.73;3.09
479;RotomHeat Rotom;Electric;Fire;520;50;65;107;105;107;86;4;False;712.4043795;775.75;63.34
479;RotomWash Rotom;Electric;Water;520;50;65;107;105;107;86;4;False;712.4043795;775.75;63.34
479;RotomFrost Rotom;Electric;Ice;520;50;65;107;105;107;86;4;False;712.4043795;775.75;63.34
479;RotomFan Rotom;Electric;Flying;520;50;65;107;105;107;86;4;False;712.4043795;775.75;63.34
479;RotomMow Rotom;Electric;Grass;520;50;65;107;105;107;86;4;False;712.4043795;775.75;63.34
480;Uxie;Psychic;;580;75;75;130;75;130;95;4;True;1028.129369;1068.68;40.55
481;Mesprit;Psychic;;580;80;105;105;105;105;80;4;True;1281.24939;1260.93;20.32
482;Azelf;Psychic;;580;75;125;70;125;70;115;4;True;1224.499898;1276.46;51.96
483;Dialga;Steel;Dragon;680;100;120;120;150;100;90;4;True;1682.091332;1545.99;136.10
484;Palkia;Water;Dragon;680;90;120;100;150;120;100;4;True;1483.465116;1419.49;63.98
485;Heatran;Fire;Steel;600;91;90;106;130;106;77;4;True;1189.145281;1169.01;20.13
486;Regigigas;Normal;;670;110;160;110;80;110;100;4;True;2187.5;1916.61;270.89
487;GiratinaAltered Forme;Ghost;Dragon;680;150;100;120;100;120;90;4;True;1716.353329;1558.92;157.43
487;GiratinaOrigin Forme;Ghost;Dragon;680;150;120;100;120;100;90;4;True;1859.621937;1659.34;200.28
488;Cresselia;Psychic;;600;120;70;120;75;130;85;4;False;1147.5;1158.56;11.06
489;Phione;Water;;480;80;80;80;80;80;80;4;False;902.5;919.07;16.57
490;Manaphy;Water;;600;100;100;100;100;100;100;4;False;1322.5;1272.51;49.99
491;Darkrai;Dark;;600;70;90;90;135;90;125;4;True;991.9582905;1015.84;23.88
492;ShayminLand Forme;Grass;;600;100;100;100;100;100;100;4;True;1322.5;1272.51;49.99
492;ShayminSky Forme;Grass;Flying;600;100;103;75;120;75;127;4;True;1200.472407;1192.39;8.09
493;Arceus;Normal;;720;120;120;120;120;120;120;4;True;1822.5;1625.95;196.55
494;Victini;Psychic;Fire;600;100;100;100;100;100;100;5;True;1322.5;1272.51;49.99
495;Snivy;Grass;;308;45;45;55;45;55;63;5;False;388.8444419;343.82;45.02
496;Servine;Grass;;413;60;60;75;60;75;83;5;False;616.1878772;630.53;14.35
497;Serperior;Grass;;528;75;75;95;75;95;113;5;False;895.4886934;917.24;21.76
498;Tepig;Fire;;308;65;63;45;45;45;45;5;False;540.399852;548.77;8.37
499;Pignite;Fire;Fighting;418;90;93;55;70;55;55;5;False;925.9071228;972.40;46.49
500;Emboar;Fire;Fighting;528;110;123;65;100;65;65;5;False;1380;1376.05;3.95
501;Oshawott;Water;;308;55;55;45;63;45;45;5;False;453.6518489;434.01;19.64
502;Dewott;Water;;413;75;75;60;83;60;60;5;False;739.4254526;765.81;26.39
503;Samurott;Water;;528;95;100;85;108;70;70;5;False;1206.130175;1187.62;18.51
504;Patrat;Normal;;255;45;55;39;35;39;42;5;False;398.4469852;368.07;30.37
505;Watchog;Normal;;420;60;85;69;60;69;77;5;False;793.7253933;838.26;44.54
506;Lillipup;Normal;;275;45;60;45;25;45;55;5;False;450;440.77;9.23
507;Herdier;Normal;;370;65;80;65;35;65;60;5;False;760;794.21;34.21
508;Stoutland;Normal;;500;85;110;90;45;90;80;5;False;1280.868846;1262.75;18.11
509;Purrloin;Dark;;281;41;50;37;50;37;66;5;False;350.7591766;296.69;54.07
510;Liepard;Dark;;446;64;88;50;88;50;106;5;False;738.0868174;800.09;62.01
511;Pansage;Grass;;316;50;53;48;53;48;64;5;False;435.1468718;408.31;26.84
512;Simisage;Grass;;498;75;98;63;98;63;101;5;False;946.775475;993.79;47.01
513;Pansear;Fire;;316;50;53;48;53;48;64;5;False;435.1468718;408.31;26.84
514;Simisear;Fire;;498;75;98;63;98;63;101;5;False;946.775475;993.79;47.01
515;Panpour;Water;;316;50;53;48;53;48;64;5;False;435.1468718;408.31;26.84
516;Simipour;Water;;498;75;98;63;98;63;101;5;False;946.775475;993.79;47.01
517;Munna;Psychic;;292;76;25;45;67;55;24;5;False;295.5672512;237.53;58.04
518;Musharna;Psychic;;487;116;55;85;107;95;29;5;False;801.18662;850.93;49.74
519;Pidove;Normal;Flying;264;50;55;50;36;30;43;5;False;455;435.65;19.35
520;Tranquill;Normal;Flying;358;62;77;62;50;42;65;5;False;708.4;741.19;32.79
521;Unfezant;Normal;Flying;488;80;115;80;65;55;93;5;False;1235;1246.24;11.24
522;Blitzle;Electric;;295;45;60;32;50;32;76;5;False;398.2775414;384.52;13.75
523;Zebstrika;Electric;;497;75;100;63;80;63;116;5;False;963.532563;1012.48;48.95
524;Roggenrola;Rock;;280;55;75;85;25;25;15;5;False;752.9940239;794.03;41.03
525;Boldore;Rock;;390;70;105;105;50;40;20;5;False;1211.940593;1220.95;9.01
526;Gigalith;Rock;;515;85;135;130;60;80;25;5;False;1806.239187;1669.51;136.73
527;Woobat;Psychic;Flying;313;55;45;43;55;43;72;5;False;382.3087757;331.88;50.43
528;Swoobat;Psychic;Flying;425;67;57;55;77;55;114;5;False;545.4920714;543.94;1.55
529;Drilbur;Ground;;328;60;85;40;30;45;68;5;False;642.2616289;712.79;70.53
530;Excadrill;Ground;Steel;508;110;135;60;50;65;88;5;False;1452.368755;1466.59;14.22
531;Audino;Normal;;445;103;60;86;60;86;50;5;False;818.7719463;850.02;31.25
531;AudinoMega Audino;Normal;Fairy;545;103;60;126;80;126;50;5;False;967.4127868;1023.09;55.67
532;Timburr;Fighting;;305;75;80;55;25;35;35;5;False;754.0391237;790.92;36.88
533;Gurdurr;Fighting;;405;85;105;85;40;50;40;5;False;1200;1194.38;5.62
534;Conkeldurr;Fighting;;505;105;140;95;55;65;45;5;False;1780.81442;1644.77;136.05
535;Tympole;Water;;294;50;50;40;50;40;64;5;False;388.6434742;345.65;42.99
536;Palpitoad;Water;Ground;384;75;65;55;65;55;69;5;False;634.9803147;650.70;15.72
537;Seismitoad;Water;Ground;509;105;95;75;85;75;74;5;False;1143.153533;1137.59;5.56
538;Throh;Fighting;;465;120;100;85;30;85;45;5;False;1336.179254;1287.56;48.62
539;Sawk;Fighting;;465;75;125;75;30;75;85;5;False;1260;1298.09;38.09
540;Sewaddle;Bug;Grass;310;45;53;70;40;60;42;5;False;485.6171331;483.50;2.11
541;Swadloon;Bug;Grass;380;55;63;90;50;80;42;5;False;668.7106998;703.49;34.78
542;Leavanny;Bug;Grass;500;75;103;80;70;80;92;5;False;1091.101279;1114.08;22.98
543;Venipede;Bug;Poison;260;30;45;59;30;39;57;5;False;346.2369131;301.16;45.07
544;Whirlipede;Bug;Poison;360;40;55;99;40;79;47;5;False;554.2833211;607.68;53.40
545;Scolipede;Bug;Poison;485;60;100;89;55;69;112;5;False;1015.6525;1065.01;49.36
546;Cottonee;Grass;Fairy;280;40;27;60;37;50;66;5;False;269.7498842;177.21;92.54
547;Whimsicott;Grass;Fairy;480;60;67;85;77;75;116;5;False;710.1408311;739.23;29.09
548;Petilil;Grass;;280;45;35;50;70;50;30;5;False;312.2498999;228.71;83.54
549;Lilligant;Grass;;480;70;60;75;110;75;90;5;False;655.9820882;670.51;14.53
550;Basculin;Water;;460;70;92;65;80;55;98;5;False;882.3446039;926.37;44.02
551;Sandile;Ground;Dark;292;50;72;35;35;35;65;5;False;495.9763099;529.66;33.69
552;Krokorok;Ground;Dark;351;60;82;45;45;45;74;5;False;650.6957815;706.38;55.69
553;Krookodile;Ground;Dark;519;95;117;80;65;70;92;5;False;1349.373188;1324.90;24.47
554;Darumaka;Fire;;315;70;90;45;15;45;50;5;False;749.849985;821.14;71.29
555;DarmanitanStandard Mode;Fire;;480;105;140;55;30;55;95;5;False;1420.598465;1471.71;51.11
555;DarmanitanZen Mode;Fire;Psychic;540;105;30;105;140;105;55;5;False;540;659.80;119.80
556;Maractus;Grass;;461;75;86;67;106;67;60;5;False;867.6599564;898.92;31.26
557;Dwebble;Bug;Rock;325;50;65;85;35;35;55;5;False;644.9806199;680.56;35.58
558;Crustle;Bug;Rock;475;70;95;125;65;75;45;5;False;1199.958333;1214.01;14.05
559;Scraggy;Dark;Fighting;348;50;75;70;35;70;48;5;False;668.9730936;709.14;40.17
560;Scrafty;Dark;Fighting;488;65;90;115;45;115;58;5;False;1070.794098;1104.01;33.22
561;Sigilyph;Psychic;Flying;490;72;58;80;103;80;97;5;False;663.6579315;681.44;17.78
562;Yamask;Ghost;;303;38;30;85;55;65;30;5;False;327.604945;305.42;22.18
563;Cofagrigus;Ghost;;483;58;50;145;95;105;30;5;False;702.4813165;831.92;129.44
564;Tirtouga;Water;Rock;355;54;78;103;53;45;22;5;False;839.1671943;895.95;56.78
565;Carracosta;Water;Rock;495;74;108;133;83;65;32;5;False;1411.662807;1386.13;25.53
566;Archen;Rock;Flying;401;55;112;45;74;45;70;5;False;823.0540687;966.82;143.77
567;Archeops;Rock;Flying;567;75;140;65;112;65;110;5;False;1315.218613;1395.04;79.82
568;Trubbish;Poison;;329;50;50;62;40;62;65;5;False;459.8491601;440.83;19.01
569;Garbodor;Poison;;474;80;95;82;60;82;75;5;False;1055.942707;1067.94;12.00
570;Zorua;Dark;;330;40;65;40;80;40;65;5;False;440;445.89;5.89
571;Zoroark;Dark;;510;60;105;60;120;60;105;5;False;900;986.28;86.28
572;Minccino;Normal;;300;55;50;40;40;40;75;5;False;403.3143935;365.64;37.68
573;Cinccino;Normal;;470;75;95;60;65;60;115;5;False;903.7422199;952.77;49.02
574;Gothita;Psychic;;290;45;30;50;55;65;45;5;False;281.0249099;181.97;99.05
575;Gothorita;Psychic;;390;60;45;70;75;85;55;5;False;479.0615827;468.69;10.38
576;Gothitelle;Psychic;;490;70;55;95;95;110;65;5;False;676.8677862;710.30;33.44
577;Solosis;Psychic;;290;45;30;40;105;50;20;5;False;258.5053191;138.71;119.80
578;Duosion;Psychic;;370;65;40;50;125;60;30;5;False;396.6106403;355.40;41.21
579;Reuniclus;Psychic;;490;110;65;75;125;85;30;5;False;848.5281374;877.15;28.62
580;Ducklett;Water;Flying;305;62;44;50;44;50;55;5;False;417.4015453;380.80;36.60
581;Swanna;Water;Flying;473;75;87;63;87;63;98;5;False;854.6114907;890.96;36.35
582;Vanillite;Ice;;305;36;50;50;65;60;44;5;False;374.2442384;332.95;41.30
583;Vanillish;Ice;;395;51;65;65;80;75;59;5;False;581.308868;598.03;16.72
584;Vanilluxe;Ice;;535;71;95;85;110;95;79;5;False;1020.098035;1044.94;24.84
585;Deerling;Normal;Grass;335;60;60;50;40;50;75;5;False;523.6590016;522.37;1.29
586;Sawsbuck;Normal;Grass;475;80;100;70;60;70;95;5;False;1033.401543;1062.76;29.36
587;Emolga;Electric;Flying;428;55;75;60;75;60;103;5;False;652.1119536;685.86;33.75
588;Karrablast;Bug;;315;50;75;45;40;45;60;5;False;562.0498199;600.97;38.92
589;Escavalier;Bug;Steel;495;70;135;105;60;105;20;5;False;1514.925741;1501.38;13.55
590;Foongus;Grass;Poison;294;69;55;45;55;55;15;5;False;496.9507018;489.98;6.98
591;Amoonguss;Grass;Poison;464;114;85;70;85;80;30;5;False;1047.138959;1058.46;11.32
592;Frillish;Water;Ghost;335;55;40;50;65;85;40;5;False;370.995283;315.43;55.57
593;Jellicent;Water;Ghost;480;100;60;70;85;105;60;5;False;741.5144975;768.81;27.29
594;Alomomola;Water;;470;165;75;80;40;45;65;5;False;1176.902715;1212.13;35.23
595;Joltik;Bug;Electric;319;50;47;50;57;50;65;5;False;403;360.87;42.13
596;Galvantula;Bug;Electric;472;70;77;60;97;60;108;5;False;734.5610934;764.52;29.96
597;Ferroseed;Grass;Steel;305;44;50;91;24;86;10;5;False;514.0345319;542.32;28.29
598;Ferrothorn;Grass;Steel;489;74;94;131;54;116;20;5;False;1242.504382;1246.61;4.10
599;Klink;Steel;;300;40;55;70;45;60;30;5;False;478.6178016;482.21;3.59
600;Klang;Steel;;440;60;80;95;70;85;50;5;False;862.8803509;904.02;41.14
601;Klinklang;Steel;;520;60;100;115;70;85;90;5;False;1135.534015;1177.50;41.97
602;Tynamo;Electric;;275;35;55;40;45;40;60;5;False;367.0830969;332.42;34.66
603;Eelektrik;Electric;;405;65;85;70;75;70;40;5;False;824.6211251;862.58;37.96
604;Eelektross;Electric;;515;85;115;80;105;80;50;5;False;1267.083265;1266.23;0.86
605;Elgyem;Psychic;;335;55;55;55;85;55;30;5;False;490;477.27;12.73
606;Beheeyem;Psychic;;485;75;75;75;125;95;40;5;False;810;830.71;20.71
607;Litwick;Ghost;Fire;275;50;30;55;65;55;20;5;False;303.5415952;223.60;79.95
608;Lampent;Ghost;Fire;370;60;40;60;95;60;55;5;False;412.5;378.68;33.82
609;Chandelure;Ghost;Fire;520;60;55;90;145;90;80;5;False;621.1883772;648.69;27.51
610;Axew;Dragon;;320;46;87;60;30;40;57;5;False;689.9152122;762.05;72.14
611;Fraxure;Dragon;;410;66;117;70;40;50;67;5;False;1095.281882;1165.70;70.42
612;Haxorus;Dragon;;540;76;147;90;60;70;97;5;False;1583.544821;1572.64;10.91
613;Cubchoo;Ice;;305;55;70;40;60;40;40;5;False;527.41113;552.59;25.18
614;Beartic;Ice;;485;95;110;80;70;80;50;5;False;1277.815519;1259.46;18.35
615;Cryogonal;Ice;;485;70;50;30;95;135;105;5;False;402.0027985;382.34;19.67
616;Shelmet;Bug;;305;50;40;85;40;65;25;5;False;443.4241762;446.87;3.45
617;Accelgor;Bug;;495;80;70;40;100;60;145;5;False;614.4153725;652.53;38.12
618;Stunfisk;Ground;Electric;471;109;66;84;81;99;32;5;False;897.4566062;921.44;23.99
619;Mienfoo;Fighting;;350;45;85;50;55;50;65;5;False;624.4997998;696.09;71.59
620;Mienshao;Fighting;;510;65;125;60;95;60;105;5;False;1084.435337;1193.22;108.78
621;Druddigon;Dragon;;485;77;120;90;60;90;48;5;False;1326.851537;1324.25;2.60
622;Golett;Ground;Ghost;303;59;74;50;35;50;35;5;False;617.2520555;649.24;31.99
623;Golurk;Ground;Ghost;483;89;124;80;55;80;55;5;False;1381.634829;1366.35;15.29
624;Pawniard;Dark;Steel;340;45;85;70;40;40;60;5;False;714.1428429;782.63;68.48
625;Bisharp;Dark;Steel;490;65;125;100;60;70;70;5;False;1342.832827;1366.28;23.45
626;Bouffalant;Normal;;490;95;110;95;40;95;55;5;False;1375;1324.36;50.64
627;Rufflet;Normal;Flying;350;70;83;50;37;50;60;5;False;728.4373686;777.34;48.90
628;Braviary;Normal;Flying;510;100;123;75;57;75;80;5;False;1403.942307;1379.34;24.60
629;Vullaby;Dark;Flying;370;70;55;75;45;65;60;5;False;612.249949;623.77;11.52
630;Mandibuzz;Dark;Flying;510;110;65;105;55;95;80;5;False;979.7958971;1006.95;27.15
631;Heatmor;Fire;;484;85;97;66;105;66;65;5;False;1008;1037.40;29.40
632;Durant;Bug;Steel;484;58;109;112;48;48;109;5;False;1193.946799;1240.66;46.71
633;Deino;Dark;Dragon;300;52;65;50;45;50;38;5;False;527.9393905;537.13;9.19
634;Zweilous;Dark;Dragon;420;72;85;70;65;70;58;5;False;859.9418585;890.56;30.62
635;Hydreigon;Dark;Dragon;600;92;105;90;125;90;98;5;False;1271.943395;1244.00;27.94
636;Larvesta;Bug;Fire;360;55;85;55;50;55;60;5;False;700;757.70;57.70
637;Volcarona;Bug;Fire;550;85;60;65;135;105;100;5;False;670.8203932;687.21;16.39
638;Cobalion;Steel;Fighting;580;91;90;129;90;72;108;5;True;1297.249398;1268.53;28.72
639;Terrakion;Rock;Fighting;580;91;129;90;72;90;108;5;True;1519.182938;1464.35;54.84
640;Virizion;Grass;Fighting;580;91;90;72;90;129;108;5;True;1008.328072;1021.91;13.58
641;TornadusIncarnate Forme;Flying;;580;79;115;70;125;80;111;5;True;1162.028399;1198.97;36.95
641;TornadusTherian Forme;Flying;;580;79;100;80;110;90;121;5;True;1086.734788;1102.03;15.29
642;ThundurusIncarnate Forme;Electric;Flying;580;79;115;70;125;80;111;5;True;1162.028399;1198.97;36.95
642;ThundurusTherian Forme;Electric;Flying;580;79;105;70;145;80;101;5;True;1072.641599;1105.50;32.86
643;Reshiram;Dragon;Fire;680;100;120;100;150;120;90;5;True;1552.5;1459.46;93.04
644;Zekrom;Dragon;Electric;680;100;150;120;120;100;90;5;True;2055.889406;1826.42;229.47
645;LandorusIncarnate Forme;Ground;Flying;600;89;125;90;115;80;101;5;True;1462.983253;1418.96;44.02
645;LandorusTherian Forme;Ground;Flying;600;89;145;90;105;80;91;5;True;1671.980861;1605.91;66.07
646;Kyurem;Dragon;Ice;660;125;130;90;130;90;95;5;True;1758.03157;1609.61;148.42
646;KyuremBlack Kyurem;Dragon;Ice;700;125;170;100;120;90;95;5;True;2347.386845;2026.78;320.60
646;KyuremWhite Kyurem;Dragon;Ice;700;125;120;90;170;100;95;5;True;1636.788013;1516.14;120.65
647;KeldeoOrdinary Forme;Water;Fighting;580;91;72;90;129;90;108;5;False;917.8396919;931.53;13.69
647;KeldeoResolute Forme;Water;Fighting;580;91;72;90;129;90;108;5;False;917.8396919;931.53;13.69
648;MeloettaAria Forme;Normal;Psychic;600;100;77;77;128;128;90;5;False;946.3039681;958.00;11.70
648;MeloettaPirouette Forme;Normal;Fighting;600;100;128;90;77;77;128;5;False;1571.37416;1490.98;80.40
649;Genesect;Bug;Steel;600;71;120;95;120;95;99;5;False;1313.044173;1321.90;8.85
650;Chespin;Grass;;313;56;61;65;48;45;38;6;False;572.7798879;580.62;7.84
651;Quilladin;Grass;;405;61;78;95;56;58;57;6;False;850.3272311;889.32;38.99
652;Chesnaught;Grass;Fighting;530;88;107;122;74;75;64;6;False;1449.234708;1385.16;64.08
653;Fennekin;Fire;;307;40;45;40;62;60;60;6;False;330;258.93;71.07
654;Braixen;Fire;;409;59;59;58;90;70;73;6;False;543.8874148;543.64;0.25
655;Delphox;Fire;Psychic;534;75;69;72;114;100;104;6;False;743.2932127;761.65;18.35
656;Froakie;Water;;314;41;56;40;62;44;71;6;False;394.0340087;365.76;28.28
657;Frogadier;Water;;405;54;63;52;83;56;97;6;False;530.342644;535.08;4.74
658;Greninja;Water;Dark;530;72;95;67;103;71;122;6;False;929.0931062;971.06;41.97
659;Bunnelby;Normal;;237;38;36;38;32;36;57;6;False;270.3;158.16;112.14
660;Diggersby;Normal;Ground;423;85;56;77;50;77;78;6;False;681.0080763;701.74;20.73
661;Fletchling;Normal;Flying;278;45;50;43;40;38;62;6;False;383.4449113;338.64;44.80
662;Fletchinder;Fire;Flying;382;62;73;55;56;52;84;6;False;646.0662505;673.52;27.45
663;Talonflame;Fire;Flying;499;78;81;71;74;69;126;6;False;858.5427654;881.48;22.94
664;Scatterbug;Bug;;200;38;35;40;27;25;35;6;False;269.9536997;157.46;112.49
665;Spewpa;Bug;;213;45;22;60;27;30;29;6;False;248.2035455;150.46;97.74
666;Vivillon;Bug;Flying;411;80;52;50;90;50;89;6;False;526.4938271;527.54;1.05
667;Litleo;Fire;Normal;369;62;50;58;73;54;72;6;False;487.3266358;471.50;15.83
668;Pyroar;Fire;Normal;507;86;68;72;109;66;106;6;False;778.0336946;796.27;18.24
669;Flabébé;Fairy;;303;44;38;39;61;79;42;6;False;299.1567148;205.17;93.99
670;Floette;Fairy;;371;54;45;47;75;98;52;6;False;392.4385302;345.19;47.25
671;Florges;Fairy;;552;78;65;68;112;154;75;6;False;702.8627177;718.94;16.08
672;Skiddo;Grass;;350;66;65;48;62;57;52;6;False;571.4822832;584.44;12.96
673;Gogoat;Grass;;531;123;100;62;97;81;68;6;False;1185.448649;1200.04;14.59
674;Pancham;Fighting;;348;67;82;62;46;48;43;6;False;770.7686164;807.92;37.15
675;Pangoro;Fighting;Dark;495;95;124;78;69;71;58;6;False;1405.894128;1381.68;24.22
676;Furfrou;Normal;;472;75;80;60;65;90;102;6;False;780.5046444;812.55;32.05
677;Espurr;Psychic;;355;62;48;54;63;60;68;6;False;459.20907;435.50;23.71
678;MeowsticMale;Psychic;;466;74;48;76;83;81;104;6;False;566.9649989;578.65;11.69
678;MeowsticFemale;Psychic;;466;74;48;76;83;81;104;6;False;566.9649989;578.65;11.69
679;Honedge;Steel;Ghost;325;45;80;100;35;37;28;6;False;789.129267;865.69;76.56
680;Doublade;Steel;Ghost;448;59;110;150;45;49;35;6;False;1381.23586;1418.41;37.18
681;AegislashBlade Forme;Steel;Ghost;520;60;150;50;150;50;60;6;False;1152.049804;1363.66;211.61
681;AegislashShield Forme;Steel;Ghost;520;60;50;150;50;150;60;6;False;723.0793525;861.55;138.47
682;Spritzee;Fairy;;341;78;52;60;63;65;23;6;False;559.5603185;562.81;3.25
683;Aromatisse;Fairy;;462;101;72;72;99;89;29;6;False;873.9928375;893.63;19.63
684;Swirlix;Fairy;;341;62;48;66;59;57;49;6;False;497.5404808;487.42;10.12
685;Slurpuff;Fairy;;480;82;80;86;85;75;72;6;False;940.3080612;953.03;12.72
686;Inkay;Dark;Psychic;288;53;54;53;37;46;45;6;False;469.2;451.28;17.92
687;Malamar;Dark;Psychic;482;86;92;88;68;75;73;6;False;1091.347548;1089.84;1.51
688;Binacle;Rock;Water;306;42;52;67;39;56;50;6;False;458.0566122;449.18;8.87
689;Barbaracle;Rock;Water;500;72;105;115;54;86;68;6;False;1276.181805;1272.21;3.97
690;Skrelp;Poison;Water;320;50;60;60;60;60;30;6;False;523.6590016;525.66;2.00
691;Dragalge;Poison;Dragon;494;65;75;90;97;123;44;6;False;824.8636251;855.63;30.77
692;Clauncher;Water;;330;50;53;62;58;63;44;6;False;481.0729674;468.88;12.20
693;Clawitzer;Water;;500;71;73;88;120;89;59;6;False;828.229147;852.27;24.04
694;Helioptile;Electric;Normal;289;44;38;33;61;43;70;6;False;282.0476555;179.21;102.84
695;Heliolisk;Electric;Normal;481;62;55;52;109;94;109;6;False;502.7832535;492.28;10.50
696;Tyrunt;Rock;Dragon;362;58;89;77;45;45;48;6;False;852.2925319;902.27;49.98
697;Tyrantrum;Rock;Dragon;521;82;121;119;69;59;71;6;False;1550.519294;1479.06;71.46
698;Amaura;Rock;Ice;362;77;59;50;67;63;46;6;False;572.2454019;580.98;8.73
699;Aurorus;Rock;Ice;521;123;77;72;99;92;58;6;False;1008.061427;1028.31;20.25
700;Sylveon;Fairy;;525;95;65;65;110;130;60;6;False;750.4665216;773.92;23.46
701;Hawlucha;Fighting;Flying;500;78;92;75;74;63;118;6;False;978.9184338;1001.61;22.70
702;Dedenne;Electric;Fairy;431;67;58;57;81;67;101;6;False;560.9136832;561.94;1.03
703;Carbink;Rock;Fairy;500;50;50;150;50;150;50;6;False;673.1502433;821.58;148.43
704;Goomy;Dragon;;300;45;50;35;55;75;40;6;False;356.0196624;304.03;51.99
705;Sliggoo;Dragon;;452;68;75;53;83;113;60;6;False;676.139039;707.54;31.40
706;Goodra;Dragon;;600;90;100;70;110;150;80;6;False;1086.430509;1102.73;16.30
707;Klefki;Steel;Fairy;470;57;80;91;80;87;75;6;False;829.9325274;874.72;44.79
708;Phantump;Ghost;Grass;309;43;70;48;50;60;38;6;False;513.8107628;539.23;25.42
709;Trevenant;Ghost;Grass;474;85;110;76;65;82;56;6;False;1192.424002;1202.18;9.76
710;PumpkabooAverage Size;Ghost;Grass;335;49;66;70;44;55;51;6;False;597.4264808;621.01;23.59
710;PumpkabooSmall Size;Ghost;Grass;335;44;66;70;44;55;56;6;False;573.6149841;601.02;27.41
710;PumpkabooLarge Size;Ghost;Grass;335;54;66;70;44;55;46;6;False;620.3246328;641.00;20.68
710;PumpkabooSuper Size;Ghost;Grass;335;59;66;70;44;55;41;6;False;642.4071139;660.99;18.58
711;GourgeistAverage Size;Ghost;Grass;494;65;90;122;58;75;84;6;False;1099.245196;1134.30;35.06
711;GourgeistSmall Size;Ghost;Grass;494;55;85;122;58;75;99;6;False;979.2854538;1047.59;68.30
711;GourgeistLarge Size;Ghost;Grass;494;75;95;122;58;75;69;6;False;1221.445865;1221.01;0.43
711;GourgeistSuper Size;Ghost;Grass;494;85;100;122;58;75;54;6;False;1346.04049;1307.73;38.31
712;Bergmite;Ice;;304;55;69;85;32;35;28;6;False;702.7944223;737.94;35.15
713;Avalugg;Ice;;514;95;117;184;44;46;28;6;False;1952.975576;1774.86;178.11
714;Noibat;Flying;Dragon;245;40;30;35;45;40;55;6;False;235.9819908;97.09;138.89
715;Noivern;Flying;Dragon;535;85;70;80;97;80;123;6;False;828.4775193;845.58;17.11
716;Xerneas;Fairy;;680;126;131;95;131;98;99;6;True;1818.271597;1644.59;173.68
717;Yveltal;Dark;Flying;680;126;131;95;131;98;99;6;True;1818.271597;1644.59;173.68
718;Zygarde50% Forme;Dragon;Ground;600;108;100;121;81;95;95;6;True;1487.372852;1395.35;92.02
719;Diancie;Rock;Fairy;600;50;100;150;100;150;50;6;True;1190.958123;1288.96;98.00
719;DiancieMega Diancie;Rock;Fairy;700;50;160;110;160;110;110;6;True;1577.428683;1676.75;99.32
720;HoopaHoopa Confined;Psychic;Ghost;600;80;110;60;150;130;70;6;True;1055.121439;1112.97;57.85
720;HoopaHoopa Unbound;Psychic;Dark;680;80;160;60;170;130;80;6;True;1477.170014;1580.35;103.18
721;Volcanion;Fire;Water;600;80;110;120;130;90;70;6;True;1415.593957;1372.56;43.03
